id,observed_on_string,observed_on,url,image_url,place_guess,latitude,longitude,place_country_name,Classification
644174,2014-04-26 1:20:28 PM CDT,2014-04-26 00:00:00,http://www.inaturalist.org/observations/644174,https://inaturalist-open-data.s3.amazonaws.com/photos/811442/medium.jpg,,29.0286767,-95.1860897,United States,Juvenile
1340272,Thu Mar 26 2015 07:47:42 GMT-0500 (CDT),2015-03-26 00:00:00,http://www.inaturalist.org/observations/1340272,https://inaturalist-open-data.s3.amazonaws.com/photos/1664075/medium.jpg,"15400 Emerald Coast Pkwy, Destin, FL, US",30.383341,-86.452822,United States,Juvenile
2489403,Sat Dec 19 2015 15:51:46 GMT-0500 (EST),2015-12-19 00:00:00,http://www.inaturalist.org/observations/2489403,https://static.inaturalist.org/photos/2791865/medium.jpg,"Monroe County, US-FL, US",24.55177833,-81.769325,United States,Juvenile
2817360,Sun Mar 13 2016 09:26:41 GMT-0400 (EDT),2016-03-13 00:00:00,http://www.inaturalist.org/observations/2817360,https://inaturalist-open-data.s3.amazonaws.com/photos/3203905/medium.jpg,"Gulf Islands National Seashore, Fort Walton Beach, FL, US",30.394425,-86.601455,United States,Juvenile
4548480,2013/04/05 11:52 AM CDT,2013-04-05 00:00:00,http://conabio.inaturalist.org/observations/4548480,https://inaturalist-open-data.s3.amazonaws.com/photos/5502783/medium.jpeg,"Condado de Cameron, Texas, EE. UU.",26.14248461,-97.16895461,United States,Juvenile
4936842,Fri Jan 13 2017 09:17:04 GMT-0500 (EST),2017-01-13 00:00:00,https://www.inaturalist.org/observations/4936842,https://static.inaturalist.org/photos/6019205/medium.jpg,"3021 S Highway A1A, Jupiter, FL, US",26.92454437,-80.06698944,United States,Juvenile
4943896,Sat Jan 14 2017 12:36:12 GMT-0500 (EST),2017-01-14 00:00:00,https://www.inaturalist.org/observations/4943896,https://inaturalist-open-data.s3.amazonaws.com/photos/6027885/medium.jpg,"33139, , FL, US",25.79075833,-80.12666383,United States,Juvenile
5410760,Mon Mar 20 2017 12:13:22 GMT-0400 (EDT),2017-03-20 00:00:00,https://www.inaturalist.org/observations/5410760,https://inaturalist-open-data.s3.amazonaws.com/photos/6650409/medium.jpg,"Canaveral National Seashore, Orlando, FL, US",28.66804167,-80.640505,United States,Juvenile
5488679,2017-03-27 2:17:53 PM EDT,2017-03-27 00:00:00,https://www.inaturalist.org/observations/5488679,https://static.inaturalist.org/photos/6761354/medium.jpeg,"Buxton, NC 27920",35.25578308,-75.52002716,United States,Juvenile
5682803,Thu Apr 13 2017 20:31:53 GMT-0500 (CDT),2017-04-13 00:00:00,https://www.inaturalist.org/observations/5682803,https://static.inaturalist.org/photos/7037677/medium.jpg,"101‚Äì199 Starfish St, Surfside Beach, TX, US",28.9481407,-95.28587894,United States,Juvenile
9091049,2017/08/10 3:01 PM UTC,2017-08-10 00:00:00,https://www.inaturalist.org/observations/9091049,https://inaturalist-open-data.s3.amazonaws.com/photos/12278981/medium.jpeg,"8700 Estero Blvd, Fort Myers Beach, FL 33931, USA",26.3912537,-81.8710439,United States,Juvenile
9477812,Sat Jan 13 2018 14:46:41 GMT-0500 (EST),2018-01-13 00:00:00,https://www.inaturalist.org/observations/9477812,https://inaturalist-open-data.s3.amazonaws.com/photos/12900468/medium.jpg,"Biscayne National Park, Islandia, FL, US",25.52321333,-80.17622167,United States,Juvenile
9527991,Fri Jan 19 2018 08:58:29 GMT-0500 (EST),2018-01-19 00:00:00,https://www.inaturalist.org/observations/9527991,https://static.inaturalist.org/photos/12992312/medium.jpg,"865 S Highway A1A, Jupiter, FL, US",26.92458234,-80.06717719,United States,Juvenile
9528183,Fri Jan 19 2018 09:34:22 GMT-0500 (EST),2018-01-19 00:00:00,https://www.inaturalist.org/observations/9528183,https://static.inaturalist.org/photos/12992868/medium.jpg,"Carlin Park, Jupiter, FL, US",26.92526136,-80.06727266,United States,Juvenile
18143517,2018-11-05 4:44:31 PM EST,2018-11-05 00:00:00,https://www.inaturalist.org/observations/18143517,https://static.inaturalist.org/photos/27734757/medium.jpeg,"Deering Estate, 16701 SW 72nd Ave, Miami, FL 33157, USA",25.6156689,-80.30655739,United States,Juvenile
18525332,2018/06/23 7:40 PM EDT,2018-06-23 00:00:00,https://www.inaturalist.org/observations/18525332,https://inaturalist-open-data.s3.amazonaws.com/photos/28337797/medium.jpeg,"Sussex County, DE, USA",38.78548983,-75.08670815,United States,Juvenile
18921408,Thu May 10 2018 07:41:24 GMT-0400 (EDT),2018-05-10 00:00:00,https://www.inaturalist.org/observations/18921408,https://static.inaturalist.org/photos/29002764/medium.jpg,"6727 Turtlemound Rd, New Smyrna Beach, FL, US",28.94895,-80.83792167,United States,Juvenile
19018610,Fri Dec 14 2018 15:01:51 GMT-0500 (EST),2018-12-14 00:00:00,https://www.inaturalist.org/observations/19018610,https://static.inaturalist.org/photos/29166333/medium.jpg,"165 S Ocean Ave, Palm Beach Shores, FL, US",26.78085205,-80.03382842,United States,Juvenile
19256368,Thu Dec 27 2018 17:06:46 GMT-0500 (EST),2018-12-27 00:00:00,https://www.inaturalist.org/observations/19256368,https://inaturalist-open-data.s3.amazonaws.com/photos/29588371/medium.jpg,"1321 S Miramar Ave, Indialantic, FL, US",28.0830368,-80.56203621,United States,Juvenile
19295178,Fri Dec 28 2018 08:58:41 GMT-0600 (CST),2018-12-28 00:00:00,https://www.inaturalist.org/observations/19295178,https://inaturalist-open-data.s3.amazonaws.com/photos/29658931/medium.jpg,"Curry Hammock State Park, Marathon, FL, US",24.74140833,-80.97994167,United States,Juvenile
19364271,Tue Jan 01 2019 14:21:40 GMT-0500 (EST),2019-01-01 00:00:00,https://www.inaturalist.org/observations/19364271,https://static.inaturalist.org/photos/29778928/medium.jpg,"403‚Äì499 Money Island Dr, Atlantic Beach, NC, US",34.69677833,-76.72985833,United States,Juvenile
19589381,Sat Jan 12 2019 09:27:58 GMT-0500 (EST),2019-01-12 00:00:00,https://www.inaturalist.org/observations/19589381,https://inaturalist-open-data.s3.amazonaws.com/photos/30156783/medium.jpg,"Straits of Florida, Riviera Beach, FL, US",26.79012077,-80.03166324,United States,Juvenile
20899132,Sat Mar 02 2019 16:08:41 GMT-0500 (EST),2019-03-02 00:00:00,https://www.inaturalist.org/observations/20899132,https://inaturalist-open-data.s3.amazonaws.com/photos/32250588/medium.jpg,"Hugh Taylor Birch State Park, Fort Lauderdale, FL, US",26.14300833,-80.10285833,United States,Juvenile
24956628,2006/12/01 5:37 PM CST,2006-12-01 00:00:00,https://www.inaturalist.org/observations/24956628,https://inaturalist-open-data.s3.amazonaws.com/photos/38607508/medium.jpg,"Bal Harbour, FL 33154, USA",25.8917613,-80.1269896,United States,Juvenile
24956915,2006/12/03 5:35 PM CST,2006-12-03 00:00:00,https://www.inaturalist.org/observations/24956915,https://inaturalist-open-data.s3.amazonaws.com/photos/38608292/medium.jpg,"Bal Harbour, FL 33154, USA",25.8917613,-80.1269896,United States,Juvenile
30338732,Thu May 09 2019 17:50:07 GMT-0400 (EDT),2019-05-09 00:00:00,https://www.inaturalist.org/observations/30338732,https://inaturalist-open-data.s3.amazonaws.com/photos/47393294/medium.jpg,"2270 Beers Ln, , AL, US",30.25687,-87.62823667,United States,Juvenile
36142991,Wed Nov 27 2019 15:56:17 GMT-0600 (CST),2019-11-27 00:00:00,https://www.inaturalist.org/observations/36142991,https://static.inaturalist.org/photos/57096733/medium.jpg,"Gulf of Mexico, FL, US",30.32716393,-87.16034993,United States,Juvenile
36163798,Thu Nov 28 2019 09:42:54 GMT-0600 (CST),2019-11-28 00:00:00,https://www.inaturalist.org/observations/36163798,https://static.inaturalist.org/photos/57133034/medium.jpg,"Gulf Islands National Seashore, FL, US",30.34230313,-87.07819452,United States,Juvenile
36464807,Sun Dec 08 2019 07:02:50 GMT-0500 (EST),2019-12-08 00:00:00,https://www.inaturalist.org/observations/36464807,https://static.inaturalist.org/photos/57644021/medium.jpg,"FL, US",25.78632165,-80.12732435,United States,Juvenile
36709259,2019-12-16 2:29:53 PM EST,2019-12-16 00:00:00,https://www.inaturalist.org/observations/36709259,https://inaturalist-open-data.s3.amazonaws.com/photos/58068915/medium.jpeg,"Jupiter, FL 33477, USA",26.89644241,-80.05760193,United States,Juvenile
36970049,2019-12-26 11:31:28 AM EST,2019-12-26 00:00:00,https://www.inaturalist.org/observations/36970049,https://static.inaturalist.org/photos/58527705/medium.jpeg,"Lauderdale-By-The-Sea, FL, USA",26.18393619,-80.09551835,United States,Juvenile
36975637,Thu Dec 26 2019 13:38:57 GMT-0500 (EST),2019-12-26 00:00:00,https://www.inaturalist.org/observations/36975637,https://static.inaturalist.org/photos/58537939/medium.jpg,"Atlantic Ocean, Melbourne Beach, FL, US",27.90859167,-80.473945,United States,Juvenile
36999772,Fri Dec 27 2019 10:13:22 GMT-0500 (EST),2019-12-27 00:00:00,https://www.inaturalist.org/observations/36999772,https://static.inaturalist.org/photos/58580380/medium.jpg,"Wavecrest Ave, Indialantic, FL, US",28.08998947,-80.5646907,United States,Juvenile
37009482,Fri Dec 27 2019 16:07:18 GMT-0500 (EST),2019-12-27 00:00:00,https://www.inaturalist.org/observations/37009482,https://static.inaturalist.org/photos/58597222/medium.jpg,"N Ocean Dr, Hollywood, FL, US",26.01734516,-80.11477331,United States,Juvenile
37009680,Fri Dec 27 2019 16:11:58 GMT-0500 (EST),2019-12-27 00:00:00,https://www.inaturalist.org/observations/37009680,https://static.inaturalist.org/photos/58647707/medium.jpg,"Straits of Florida, Hollywood, FL, US",26.01650855,-80.11475658,United States,Juvenile
37011210,Fri Dec 27 2019 09:35:58 GMT-0500 (EST),2019-12-27 00:00:00,https://www.inaturalist.org/observations/37011210,https://static.inaturalist.org/photos/58600192/medium.jpg,"Atlantic Ocean, FL, US",30.69125833,-81.428055,United States,Juvenile
37013008,2019/12/27 3:14 PM EST,2019-12-27 00:00:00,https://www.inaturalist.org/observations/37013008,https://inaturalist-open-data.s3.amazonaws.com/photos/58601832/medium.jpeg,"Brevard County, FL, USA",28.6770437,-80.64699325,United States,Juvenile
37033437,Sat Dec 28 2019 09:37:26 GMT-0500 (EST),2019-12-28 00:00:00,https://www.inaturalist.org/observations/37033437,https://inaturalist-open-data.s3.amazonaws.com/photos/58641292/medium.jpg,"San Pablo Island, Saint Augustine, FL, US",29.91722713,-81.28999269,United States,Juvenile
37269004,Sat Jan 04 2020 12:05:36 GMT-0500 (EST),2020-01-04 00:00:00,https://www.inaturalist.org/observations/37269004,https://inaturalist-open-data.s3.amazonaws.com/photos/59052984/medium.jpg,"Bahia Honda State Park, Big Pine Key, FL, US",24.65611157,-81.27743131,United States,Juvenile
37291225,2020-01-04 12:58:01 PM EST,2020-01-04 00:00:00,https://www.inaturalist.org/observations/37291225,https://inaturalist-open-data.s3.amazonaws.com/photos/59091139/medium.jpeg,"Barrier Island, Fort Lauderdale, FL, USA",26.16727638,-80.0976944,United States,Juvenile
37454335,Fri Jan 10 2020 08:51:12 GMT-0500 (EST),2020-01-10 00:00:00,https://www.inaturalist.org/observations/37454335,https://static.inaturalist.org/photos/59379134/medium.jpg,"Carlin Park, Jupiter, FL, US",26.92683942,-80.06759268,United States,Juvenile
37454349,Fri Jan 10 2020 08:51:27 GMT-0500 (EST),2020-01-10 00:00:00,https://www.inaturalist.org/observations/37454349,https://static.inaturalist.org/photos/59379155/medium.jpg,"Carlin Park, Jupiter, FL, US",26.92693326,-80.06761288,United States,Juvenile
37454403,Fri Jan 10 2020 08:55:13 GMT-0500 (EST),2020-01-10 00:00:00,https://www.inaturalist.org/observations/37454403,https://static.inaturalist.org/photos/59379311/medium.jpg,"Carlin Park, Jupiter, FL, US",26.9263402,-80.06747609,United States,Juvenile
37454464,Fri Jan 10 2020 08:58:18 GMT-0500 (EST),2020-01-10 00:00:00,https://www.inaturalist.org/observations/37454464,https://static.inaturalist.org/photos/59379451/medium.jpg,"Carlin Park, Jupiter, FL, US",26.92599432,-80.06742613,United States,Juvenile
37454475,Fri Jan 10 2020 08:58:53 GMT-0500 (EST),2020-01-10 00:00:00,https://www.inaturalist.org/observations/37454475,https://static.inaturalist.org/photos/59379491/medium.jpg,"Carlin Park, Jupiter, FL, US",26.92598522,-80.06743351,United States,Juvenile
37454545,Fri Jan 10 2020 09:03:25 GMT-0500 (EST),2020-01-10 00:00:00,https://www.inaturalist.org/observations/37454545,https://static.inaturalist.org/photos/59379648/medium.jpg,"Carlin Park, Jupiter, FL, US",26.92542996,-80.06728968,United States,Juvenile
37454555,Fri Jan 10 2020 09:03:39 GMT-0500 (EST),2020-01-10 00:00:00,https://www.inaturalist.org/observations/37454555,https://static.inaturalist.org/photos/59379670/medium.jpg,"Carlin Park, Jupiter, FL, US",26.92541395,-80.06730569,United States,Juvenile
37454573,Fri Jan 10 2020 09:03:58 GMT-0500 (EST),2020-01-10 00:00:00,https://www.inaturalist.org/observations/37454573,https://static.inaturalist.org/photos/59379689/medium.jpg,"Carlin Park, Jupiter, FL, US",26.92535914,-80.06727928,United States,Juvenile
37454581,Fri Jan 10 2020 09:04:28 GMT-0500 (EST),2020-01-10 00:00:00,https://www.inaturalist.org/observations/37454581,https://static.inaturalist.org/photos/59379709/medium.jpg,"Carlin Park, Jupiter, FL, US",26.92525847,-80.06724559,United States,Juvenile
37454587,Fri Jan 10 2020 09:04:40 GMT-0500 (EST),2020-01-10 00:00:00,https://www.inaturalist.org/observations/37454587,https://static.inaturalist.org/photos/59379719/medium.jpg,"Carlin Park, Jupiter, FL, US",26.92524937,-80.06723612,United States,Juvenile
37454591,Fri Jan 10 2020 09:04:51 GMT-0500 (EST),2020-01-10 00:00:00,https://www.inaturalist.org/observations/37454591,https://static.inaturalist.org/photos/59379732/medium.jpg,"Carlin Park, Jupiter, FL, US",26.92523098,-80.067259,United States,Juvenile
37454601,Fri Jan 10 2020 09:05:20 GMT-0500 (EST),2020-01-10 00:00:00,https://www.inaturalist.org/observations/37454601,https://static.inaturalist.org/photos/59379756/medium.jpg,"Carlin Park, Jupiter, FL, US",26.92520717,-80.06727979,United States,Juvenile
37454603,Fri Jan 10 2020 09:05:34 GMT-0500 (EST),2020-01-10 00:00:00,https://www.inaturalist.org/observations/37454603,https://static.inaturalist.org/photos/59379762/medium.jpg,"Carlin Park, Jupiter, FL, US",26.92520411,-80.06726,United States,Juvenile
37454604,Fri Jan 10 2020 09:05:48 GMT-0500 (EST),2020-01-10 00:00:00,https://www.inaturalist.org/observations/37454604,https://static.inaturalist.org/photos/59379770/medium.jpg,"Carlin Park, Jupiter, FL, US",26.92519728,-80.06726487,United States,Juvenile
37454613,Fri Jan 10 2020 09:06:04 GMT-0500 (EST),2020-01-10 00:00:00,https://www.inaturalist.org/observations/37454613,https://static.inaturalist.org/photos/59379794/medium.jpg,"Carlin Park, Jupiter, FL, US",26.92518739,-80.06724685,United States,Juvenile
37454615,Fri Jan 10 2020 09:06:36 GMT-0500 (EST),2020-01-10 00:00:00,https://www.inaturalist.org/observations/37454615,https://static.inaturalist.org/photos/59379805/medium.jpg,"Straits of Florida, Jupiter, FL, US",26.92518597,-80.06729906,United States,Juvenile
37454622,Fri Jan 10 2020 09:07:31 GMT-0500 (EST),2020-01-10 00:00:00,https://www.inaturalist.org/observations/37454622,https://static.inaturalist.org/photos/59379832/medium.jpg,"Carlin Park, Jupiter, FL, US",26.92520566,-80.0672569,United States,Juvenile
37454641,Fri Jan 10 2020 09:08:09 GMT-0500 (EST),2020-01-10 00:00:00,https://www.inaturalist.org/observations/37454641,https://static.inaturalist.org/photos/59379857/medium.jpg,"Carlin Park, Jupiter, FL, US",26.92512109,-80.06718423,United States,Juvenile
37454659,Fri Jan 10 2020 09:08:57 GMT-0500 (EST),2020-01-10 00:00:00,https://www.inaturalist.org/observations/37454659,https://static.inaturalist.org/photos/59379888/medium.jpg,"Carlin Park, Jupiter, FL, US",26.92505328,-80.06719136,United States,Juvenile
37454667,Fri Jan 10 2020 09:09:29 GMT-0500 (EST),2020-01-10 00:00:00,https://www.inaturalist.org/observations/37454667,https://static.inaturalist.org/photos/59379901/medium.jpg,"S Highway A1A, Jupiter, FL, US",26.92491464,-80.06716755,United States,Juvenile
37454694,Fri Jan 10 2020 09:09:58 GMT-0500 (EST),2020-01-10 00:00:00,https://www.inaturalist.org/observations/37454694,https://static.inaturalist.org/photos/59379956/medium.jpg,"S Highway A1A, Jupiter, FL, US",26.92483053,-80.06713294,United States,Juvenile
37454723,Fri Jan 10 2020 09:10:59 GMT-0500 (EST),2020-01-10 00:00:00,https://www.inaturalist.org/observations/37454723,https://static.inaturalist.org/photos/59379971/medium.jpg,"S Highway A1A, Jupiter, FL, US",26.92473162,-80.06722019,United States,Juvenile
37454740,Fri Jan 10 2020 09:11:17 GMT-0500 (EST),2020-01-10 00:00:00,https://www.inaturalist.org/observations/37454740,https://static.inaturalist.org/photos/59379982/medium.jpg,"S Highway A1A, Jupiter, FL, US",26.92467065,-80.06711014,United States,Juvenile
37454762,Fri Jan 10 2020 09:11:36 GMT-0500 (EST),2020-01-10 00:00:00,https://www.inaturalist.org/observations/37454762,https://static.inaturalist.org/photos/59379993/medium.jpg,"S Highway A1A, Jupiter, FL, US",26.92461273,-80.06709756,United States,Juvenile
37454813,Fri Jan 10 2020 09:12:11 GMT-0500 (EST),2020-01-10 00:00:00,https://www.inaturalist.org/observations/37454813,https://static.inaturalist.org/photos/59380028/medium.jpg,"S Highway A1A, Jupiter, FL, US",26.92463498,-80.06710368,United States,Juvenile
37454829,Fri Jan 10 2020 09:12:49 GMT-0500 (EST),2020-01-10 00:00:00,https://www.inaturalist.org/observations/37454829,https://static.inaturalist.org/photos/59380073/medium.jpg,"S Highway A1A, Jupiter, FL, US",26.92455053,-80.06704979,United States,Juvenile
37454899,Fri Jan 10 2020 09:15:16 GMT-0500 (EST),2020-01-10 00:00:00,https://www.inaturalist.org/observations/37454899,https://static.inaturalist.org/photos/59380205/medium.jpg,"S Highway A1A, Jupiter, FL, US",26.9243378,-80.06701693,United States,Juvenile
37454911,Fri Jan 10 2020 09:15:28 GMT-0500 (EST),2020-01-10 00:00:00,https://www.inaturalist.org/observations/37454911,https://static.inaturalist.org/photos/59380225/medium.jpg,"S Highway A1A, Jupiter, FL, US",26.92430687,-80.06705037,United States,Juvenile
37454935,Fri Jan 10 2020 09:16:40 GMT-0500 (EST),2020-01-10 00:00:00,https://www.inaturalist.org/observations/37454935,https://static.inaturalist.org/photos/59380261/medium.jpg,"S Highway A1A, Jupiter, FL, US",26.92421153,-80.06700478,United States,Juvenile
37454943,Fri Jan 10 2020 09:16:50 GMT-0500 (EST),2020-01-10 00:00:00,https://www.inaturalist.org/observations/37454943,https://static.inaturalist.org/photos/59380284/medium.jpg,"S Highway A1A, Jupiter, FL, US",26.92419925,-80.06700318,United States,Juvenile
37454945,Fri Jan 10 2020 09:17:02 GMT-0500 (EST),2020-01-10 00:00:00,https://www.inaturalist.org/observations/37454945,https://static.inaturalist.org/photos/59380291/medium.jpg,"S Highway A1A, Jupiter, FL, US",26.92421333,-80.0670606,United States,Juvenile
37454949,Fri Jan 10 2020 09:17:19 GMT-0500 (EST),2020-01-10 00:00:00,https://www.inaturalist.org/observations/37454949,https://static.inaturalist.org/photos/59380477/medium.jpg,"S Highway A1A, Jupiter, FL, US",26.92423198,-80.06712707,United States,Juvenile
37455094,Fri Jan 10 2020 09:17:35 GMT-0500 (EST),2020-01-10 00:00:00,https://www.inaturalist.org/observations/37455094,https://static.inaturalist.org/photos/59380483/medium.jpg,"S Highway A1A, Jupiter, FL, US",26.92416899,-80.06702607,United States,Juvenile
37455120,Fri Jan 10 2020 09:18:38 GMT-0500 (EST),2020-01-10 00:00:00,https://www.inaturalist.org/observations/37455120,https://static.inaturalist.org/photos/59380509/medium.jpg,"S Highway A1A, Jupiter, FL, US",26.92414166,-80.06697527,United States,Juvenile
38106656,Sun Apr 07 2019 10:09:02 GMT-0400 (AST),2019-04-07 00:00:00,https://www.inaturalist.org/observations/38106656,https://inaturalist-open-data.s3.amazonaws.com/photos/60516440/medium.jpg,"Saint Martin, Saint Martin, MF",18.08678883,-63.01929167,Saint-Martin,Juvenile
38810620,2020-02-16 2:27:18 PM EST,2020-02-16 00:00:00,https://www.inaturalist.org/observations/38810620,https://inaturalist-open-data.s3.amazonaws.com/photos/61738619/medium.jpeg,"Palm Beach, FL, USA",26.72095871,-80.03427887,United States,Juvenile
39163260,2020-02-24 12:03:58 PM EST,2020-02-24 00:00:00,https://www.inaturalist.org/observations/39163260,https://static.inaturalist.org/photos/62107683/medium.jpeg,"Boca Raton, FL 33432, USA",26.36012794,-80.06874598,United States,Juvenile
40205043,Wed Mar 18 2020 17:24:59 GMT-0500 (CDT),2020-03-18 00:00:00,https://www.inaturalist.org/observations/40205043,https://static.inaturalist.org/photos/63865885/medium.jpg,"29500 SR-182, , AL, US",30.27935393,-87.52182042,United States,Juvenile
40669918,Sun Mar 15 2020 10:38:49 GMT-0400 (EDT),2020-03-15 00:00:00,https://www.inaturalist.org/observations/40669918,https://inaturalist-open-data.s3.amazonaws.com/photos/64468500/medium.jpg,"Straits of Florida, Lauderdale-by-the-Sea, FL, US",26.19270833,-80.09426117,United States,Juvenile
40694116,Tue Mar 24 2020 17:15:21 GMT-0500 (CDT),2020-03-24 00:00:00,https://www.inaturalist.org/observations/40694116,https://inaturalist-open-data.s3.amazonaws.com/photos/68217961/medium.jpg,"Scenic Gulf Dr, Miramar Beach, FL, US",30.37404667,-86.36209167,United States,Juvenile
40835730,2018/02/28 2:53 PM CST,2018-02-28 00:00:00,https://www.inaturalist.org/observations/40835730,https://inaturalist-open-data.s3.amazonaws.com/photos/64736977/medium.jpg,"Padre Island, Corpus Christi, TX, USA",27.60388625,-97.20838559,United States,Juvenile
46084018,Sun Feb 16 2020 12:51:57 GMT-0500 (EST),2020-02-16 00:00:00,https://www.inaturalist.org/observations/46084018,https://static.inaturalist.org/photos/73093767/medium.jpg,"Commercial Blvd, Lauderdale-by-the-Sea, FL, US",26.18951167,-80.094575,United States,Juvenile
48244981,Thu May 28 2020 10:00:30 GMT-0500 (CDT),2020-05-28 00:00:00,https://www.inaturalist.org/observations/48244981,https://static.inaturalist.org/photos/76540646/medium.jpg,"Gulf Shore Dr, Destin, FL, US",30.38347634,-86.48926434,United States,Juvenile
48283380,2017/01/25 1:13 PM CST,2017-01-25 00:00:00,https://www.inaturalist.org/observations/48283380,https://inaturalist-open-data.s3.amazonaws.com/photos/76602706/medium.jpg,"Terrebonne Parish, LA, USA",29.04908842,-90.73238035,United States,Juvenile
48454872,Thu Jun 04 2020 13:42:10 GMT-0400 (EDT),2020-06-04 00:00:00,https://www.inaturalist.org/observations/48454872,https://static.inaturalist.org/photos/77049891/medium.jpg,"North Atlantic Ocean, Cocoa Beach, FL, US",28.33013124,-80.60640749,United States,Juvenile
48977868,Mon Jun 08 2020 16:10:25 GMT-0500 (CDT),2020-06-08 00:00:00,https://www.inaturalist.org/observations/48977868,https://inaturalist-open-data.s3.amazonaws.com/photos/77737623/medium.jpg,"Gator Lake, Gulf Shores, AL, US",30.23827167,-87.819305,United States,Juvenile
55692873,Mon Jan 13 2020 11:34:42 GMT-0500 (EST),2020-01-13 00:00:00,https://www.inaturalist.org/observations/55692873,https://inaturalist-open-data.s3.amazonaws.com/photos/88698697/medium.jpg,"Delray Beach, , FL, US",26.46272964,-80.05741514,United States,Juvenile
65619949,Wed Nov 25 2020 12:39:47 GMT-0500 (EST),2020-11-25 00:00:00,https://www.inaturalist.org/observations/65619949,https://static.inaturalist.org/photos/105648602/medium.jpg,"North Hutchinson Island, Vero Beach, FL, US",27.60676167,-80.33669167,United States,Juvenile
65726511,2020/11/27 3:15 PM EST,2020-11-27 00:00:00,https://www.inaturalist.org/observations/65726511,https://inaturalist-open-data.s3.amazonaws.com/photos/105833990/medium.jpg,"Miami-Dade County, FL, USA",25.7023728,-80.1540112,United States,Juvenile
67120644,2020-12-26 2:47:26 PM CST,2020-12-26 00:00:00,https://www.inaturalist.org/observations/67120644,https://inaturalist-open-data.s3.amazonaws.com/photos/108364644/medium.jpeg,"Puerto de abrigo de, Telchac Puerto, Yuc., Mexico",21.342499,-89.30223397,Mexico,Juvenile
67371951,Wed Dec 30 2020 09:27:22 GMT-0600 (CST),2020-12-30 00:00:00,https://www.inaturalist.org/observations/67371951,https://inaturalist-open-data.s3.amazonaws.com/photos/108834717/medium.jpg,"Gulf of Mexico, AL, US",30.2721878,-87.55347433,United States,Juvenile
67372296,Wed Dec 30 2020 09:11:31 GMT-0600 (CST),2020-12-30 00:00:00,https://www.inaturalist.org/observations/67372296,https://inaturalist-open-data.s3.amazonaws.com/photos/108835126/medium.jpg,"Gulf of Mexico, AL, US",30.27213847,-87.5535804,United States,Juvenile
67372467,Wed Dec 30 2020 09:06:07 GMT-0600 (CST),2020-12-30 00:00:00,https://www.inaturalist.org/observations/67372467,https://inaturalist-open-data.s3.amazonaws.com/photos/108835496/medium.jpg,"Gulf of Mexico, AL, US",30.2721232,-87.55363579,United States,Juvenile
67964610,Tue Jan 12 2021 12:41:11 GMT-0500 (EST),2021-01-12 00:00:00,https://www.inaturalist.org/observations/67964610,https://static.inaturalist.org/photos/109942684/medium.jpg,"Dr. Von D. Mizell-Eula Johnson State Park, Hollywood, FL, US",26.08127958,-80.10966545,United States,Juvenile
68304209,Sun Jan 17 2021 16:17:43 GMT-0600 (CST),2021-01-17 00:00:00,https://www.inaturalist.org/observations/68304209,https://inaturalist-open-data.s3.amazonaws.com/photos/110565159/medium.jpg,"Grass Island, Gulf Shores, AL, US",30.23144667,-88.02010283,United States,Juvenile
68304274,Sun Jan 17 2021 16:07:11 GMT-0600 (CST),2021-01-17 00:00:00,https://www.inaturalist.org/observations/68304274,https://inaturalist-open-data.s3.amazonaws.com/photos/110565355/medium.jpg,"Grass Island, Gulf Shores, AL, US",30.23145,-88.01934167,United States,Juvenile
68827613,Sat Jan 30 2021 17:41:21 GMT-0500 (EST),2021-01-30 00:00:00,https://www.inaturalist.org/observations/68827613,https://inaturalist-open-data.s3.amazonaws.com/photos/111544155/medium.jpg,"Biscayne Bay, Homestead, FL, US",25.53164196,-80.31812708,United States,Juvenile
69936948,Thu Jan 07 2021 17:52:24 GMT-0500 (EST),2021-01-07 00:00:00,https://www.inaturalist.org/observations/69936948,https://inaturalist-open-data.s3.amazonaws.com/photos/113598819/medium.jpg,"Key Biscayne, Key Biscayne, FL, US",25.7190129,-80.14837903,United States,Juvenile
72928347,Sun Apr 04 2021 15:57:18 GMT-0400 (EDT),2021-04-04 00:00:00,https://www.inaturalist.org/observations/72928347,https://static.inaturalist.org/photos/118991914/medium.jpg,"Key Biscayne, Key Biscayne, FL, US",25.69432519,-80.15720689,United States,Juvenile
72929119,Sun Apr 04 2021 16:04:11 GMT-0400 (EDT),2021-04-04 00:00:00,https://www.inaturalist.org/observations/72929119,https://static.inaturalist.org/photos/118992346/medium.jpg,"Key Biscayne, Key Biscayne, FL, US",25.69654104,-80.15679344,United States,Juvenile
72929351,Sun Apr 04 2021 16:05:42 GMT-0400 (EDT),2021-04-04 00:00:00,https://www.inaturalist.org/observations/72929351,https://static.inaturalist.org/photos/118992465/medium.jpg,"Straits of Florida, Key Biscayne, FL, US",25.69628056,-80.15598113,United States,Juvenile
77260015,2021-05-04 08:07:27,2021-05-04 00:00:00,https://www.inaturalist.org/observations/77260015,https://inaturalist-open-data.s3.amazonaws.com/photos/126345667/medium.jpeg,"Pensacola Beach, FL, USA",30.3263546,-87.1680883,United States,Juvenile
79769590,Sat May 22 2021 06:57:57 GMT-0500 (CDT),2021-05-22 00:00:00,https://www.inaturalist.org/observations/79769590,https://inaturalist-open-data.s3.amazonaws.com/photos/130683160/medium.jpg,"Beach Blvd, Biloxi, MS, US",30.39301451,-88.93111238,United States,Juvenile
80544041,Thu May 27 2021 19:09:05 GMT-0500 (CDT),2021-05-27 00:00:00,https://www.inaturalist.org/observations/80544041,https://inaturalist-open-data.s3.amazonaws.com/photos/132023483/medium.jpg,"Gulf of Mexico, Galveston, TX, US",29.20182614,-94.93550629,United States,Juvenile
83874453,Sun Jun 20 2021 19:43:42 GMT -0500 (CDT),2021-06-20 00:00:00,https://www.inaturalist.org/observations/83874453,https://inaturalist-open-data.s3.amazonaws.com/photos/137789836/medium.jpeg,Corpus Christi,27.60443687,-97.2097168,United States,Juvenile
99042029,2021/10/09 3:01 PM CDT,2021-10-09 00:00:00,https://www.inaturalist.org/observations/99042029,https://inaturalist-open-data.s3.amazonaws.com/photos/165023480/medium.jpeg,"San Andr√©s Tuxtla, MX-VE, MX",18.66790442,-95.12976773,Mexico,Juvenile
101723526,Mon Nov 22 2021 14:01:30 GMT-0500 (EST),2021-11-22 00:00:00,https://www.inaturalist.org/observations/101723526,https://inaturalist-open-data.s3.amazonaws.com/photos/169909909/medium.jpg,"Friends of Washington Oaks Gardens State Park, Palm Coast, FL, US",29.63826167,-81.19973833,United States,Juvenile
101908767,Thu Nov 25 2021 15:03:39 GMT-0500 (EST),2021-11-25 00:00:00,https://www.inaturalist.org/observations/101908767,https://inaturalist-open-data.s3.amazonaws.com/photos/170251223/medium.jpg,"North Atlantic Ocean, FL, US",26.44368,-80.05975283,United States,Juvenile
101908992,Thu Nov 25 2021 15:00:54 GMT-0500 (EST),2021-11-25 00:00:00,https://www.inaturalist.org/observations/101908992,https://inaturalist-open-data.s3.amazonaws.com/photos/170251562/medium.jpg,"North Atlantic Ocean, FL, US",26.44341333,-80.0598,United States,Juvenile
102249578,Sun Nov 28 2021 15:20:21 GMT-0500 (EST),2021-11-28 00:00:00,https://www.inaturalist.org/observations/102249578,https://static.inaturalist.org/photos/170882510/medium.jpg,"Max Hoeck Creek, Cape Canaveral, FL, US",28.66049167,-80.649955,United States,Juvenile
102494816,Sat Dec 04 2021 17:59:34 GMT-0500 (EST),2021-12-04 00:00:00,https://www.inaturalist.org/observations/102494816,https://inaturalist-open-data.s3.amazonaws.com/photos/171346847/medium.jpg,"Straits of Florida, FL, US",26.31239574,-80.07535197,United States,Juvenile
103767221,Mon Dec 27 2021 13:39:47 GMT-0500 (EST),2021-12-27 00:00:00,https://www.inaturalist.org/observations/103767221,https://inaturalist-open-data.s3.amazonaws.com/photos/174296587/medium.jpg,"South Beach, Miami Beach, FL, US",25.7866515,-80.1276116,United States,Juvenile
104073258,Fri Dec 31 2021 19:33:24 GMT-0600 (CST),2021-12-31 00:00:00,https://www.inaturalist.org/observations/104073258,https://static.inaturalist.org/photos/174338433/medium.jpg,"Old Beach Rd, Santa Rosa Beach, FL, US",30.34373333,-86.22107833,United States,Juvenile
104108553,Sat Jan 01 2022 09:31:39 GMT-0500 (EST),2022-01-01 00:00:00,https://www.inaturalist.org/observations/104108553,https://inaturalist-open-data.s3.amazonaws.com/photos/174405116/medium.jpg,"St. George Island Beach, Eastpoint, FL, US",29.65902626,-84.86857233,United States,Juvenile
104120215,Sat Jan 01 2022 12:48:23 GMT-0600 (CST),2022-01-01 00:00:00,https://www.inaturalist.org/observations/104120215,https://inaturalist-open-data.s3.amazonaws.com/photos/174426995/medium.jpg,"Galveston Island, Galveston, TX, US",29.32331953,-94.74048093,United States,Juvenile
104473424,Thu Jan 06 2022 11:53:04 GMT-0600 (CST),2022-01-06 00:00:00,https://www.inaturalist.org/observations/104473424,https://inaturalist-open-data.s3.amazonaws.com/photos/175435450/medium.jpg,"Perdido Key, Orange Beach, AL, US",30.27774744,-87.53533368,United States,Juvenile
105155886,Mon Jan 17 2022 11:55:06 GMT-0500 (EST),2022-01-17 00:00:00,https://www.inaturalist.org/observations/105155886,https://static.inaturalist.org/photos/176372469/medium.jpg,"Gulf of Mexico, FL, US",24.6067074,-82.8334756,United States,Juvenile
105501109,2011/12/19 12:51 PM MST,2011-12-19 00:00:00,https://www.inaturalist.org/observations/105501109,https://inaturalist-open-data.s3.amazonaws.com/photos/177029769/medium.jpeg,"Fort Clinch State Park, FL 32034, USA",30.69878315,-81.4311838,United States,Juvenile
105695739,Thu Jan 14 2021 17:46:00 GMT-0500 (EST),2021-01-14 00:00:00,https://www.inaturalist.org/observations/105695739,https://inaturalist-open-data.s3.amazonaws.com/photos/177398494/medium.jpg,"S Ocean Blvd, Palm Beach, FL, US",26.67444458,-80.03716519,United States,Juvenile
105890771,2022/01/30 3:17 PM UTC,2022-01-30 00:00:00,https://www.inaturalist.org/observations/105890771,https://inaturalist-open-data.s3.amazonaws.com/photos/177770791/medium.jpeg,"Santa Clara, Yuc., M√©xico",21.37433215,-89.01392005,Mexico,Juvenile
106156630,2022-02-04 16:38:00,2022-02-04 00:00:00,https://www.inaturalist.org/observations/106156630,https://static.inaturalist.org/photos/178279265/medium.jpeg,"Brickell Av & SE 12 St, Miami, FL 33131, USA",25.76189988,-80.19179028,United States,Juvenile
106382848,Fri Feb 04 2022 19:52:14 GMT-0500 (EST),2022-02-04 00:00:00,https://www.inaturalist.org/observations/106382848,https://static.inaturalist.org/photos/178697668/medium.jpg,"Miami Beach, Miami Beach, FL, US",25.83068833,-80.119475,United States,Juvenile
106998177,Thu Feb 17 2022 15:30:55 GMT-0500 (EST),2022-02-17 00:00:00,https://www.inaturalist.org/observations/106998177,https://inaturalist-open-data.s3.amazonaws.com/photos/179870707/medium.jpg,"Pigeon Key, FL, US",24.70349167,-81.15480833,United States,Juvenile
107162388,2007/11/22 1:20 PM UTC,2007-11-22 00:00:00,https://www.inaturalist.org/observations/107162388,https://inaturalist-open-data.s3.amazonaws.com/photos/180180378/medium.jpg,"Monroe County, FL, USA",24.81614485,-80.81446943,United States,Juvenile
107207708,Mon Feb 21 2022 16:28:55 GMT -0500 (EST),2022-02-21 00:00:00,https://www.inaturalist.org/observations/107207708,https://inaturalist-open-data.s3.amazonaws.com/photos/180264605/medium.jpeg,Indialantic,28.09399796,-80.5663681,United States,Juvenile
107272462,Sun Feb 20 2022 12:54:42 GMT-0500 (EST),2022-02-20 00:00:00,https://www.inaturalist.org/observations/107272462,https://static.inaturalist.org/photos/180386374/medium.jpg,"Key Biscayne, FL, US",25.66938,-80.15367783,United States,Juvenile
107311107,2022-02-22 15:53:11,2022-02-22 00:00:00,https://www.inaturalist.org/observations/107311107,https://inaturalist-open-data.s3.amazonaws.com/photos/180459570/medium.jpeg,"Palm Beach, FL 33480, USA",26.71765997,-80.033433,United States,Juvenile
107475483,Sat Feb 26 2022 08:34:05 GMT-0500 (EST),2022-02-26 00:00:00,https://www.inaturalist.org/observations/107475483,https://inaturalist-open-data.s3.amazonaws.com/photos/180769514/medium.jpg,"Miami Beach, Miami Beach, FL, US",25.849695,-80.1188195,United States,Juvenile
107522353,Sat Feb 26 2022 18:35:53 GMT-0500 (EST),2022-02-26 00:00:00,https://www.inaturalist.org/observations/107522353,https://inaturalist-open-data.s3.amazonaws.com/photos/180856666/medium.jpg,"Straits of Florida, Hollywood, FL, US",26.02829528,-80.114081,United States,Juvenile
107551511,Thu Feb 24 2022 09:10:29 GMT-0500 (EST),2022-02-24 00:00:00,https://www.inaturalist.org/observations/107551511,https://static.inaturalist.org/photos/180910402/medium.jpg,"Virginia Key, Miami, FL, US",25.73620568,-80.1538326,United States,Juvenile
108194359,2022-03-08 14:11:51,2022-03-08 00:00:00,https://www.inaturalist.org/observations/108194359,https://inaturalist-open-data.s3.amazonaws.com/photos/182117436/medium.jpeg,"Frisco, NC 27936, USA",35.2267029,-75.6353706,United States,Juvenile
108337058,Thu Mar 10 2022 15:00:18 GMT-0500 (EST),2022-03-10 00:00:00,https://www.inaturalist.org/observations/108337058,https://static.inaturalist.org/photos/182383619/medium.jpg,"Harbour Island, BS",25.4997597,-76.63424415,Bahamas,Juvenile
108770358,Wed Mar 16 2022 13:04:53 GMT-0400 (EDT),2022-03-16 00:00:00,https://www.inaturalist.org/observations/108770358,https://static.inaturalist.org/photos/183199792/medium.jpg,"NW 12th Ave, Pompano Beach, FL, US",26.251776,-80.1384465,United States,Juvenile
109868257,Sun Feb 20 2022 08:35:10 GMT-0600 (CST),2022-02-20 00:00:00,https://www.inaturalist.org/observations/109868257,https://inaturalist-open-data.s3.amazonaws.com/photos/185251388/medium.jpg,"Monroe County, US-FL, US",24.60476296,-81.22751238,United States,Juvenile
115638472,2022-05-02 14:42:00,2022-05-02 00:00:00,https://www.inaturalist.org/observations/115638472,https://inaturalist-open-data.s3.amazonaws.com/photos/195164527/medium.jpeg,"Miami-Dade County, FL, USA",25.724285,-80.147743,United States,Juvenile
116919769,2014-11-25 08:02:00,2014-11-25 00:00:00,https://www.inaturalist.org/observations/116919769,https://inaturalist-open-data.s3.amazonaws.com/photos/197403677/medium.jpeg,"Miami-Dade County, FL, USA",25.70291729,-80.15393332,United States,Juvenile
118287508,Sun May 22 2022 14:12:50 GMT -0400 (EDT),2022-05-22 00:00:00,https://www.inaturalist.org/observations/118287508,https://inaturalist-open-data.s3.amazonaws.com/photos/199833498/medium.jpeg,Cape Canaveral,28.6850338,-80.65358734,United States,Juvenile
126911851,2022-07-18 15:58:07,2022-07-18 00:00:00,https://www.inaturalist.org/observations/126911851,https://inaturalist-open-data.s3.amazonaws.com/photos/215393237/medium.jpeg,"Padre Island, Corpus Christi, TX, USA",27.68646744,-97.16074678,United States,Juvenile
134809326,2017-01-05 17:44:00,2017-01-05 00:00:00,https://www.inaturalist.org/observations/134809326,https://inaturalist-open-data.s3.amazonaws.com/photos/229847517/medium.jpeg,"Unnamed Road, Key West, FL 33040, USA",24.5454636,-81.8101579,United States,Juvenile
142378200,2022-11-19 12:04:52,2022-11-19 00:00:00,https://www.inaturalist.org/observations/142378200,https://inaturalist-open-data.s3.amazonaws.com/photos/244080110/medium.jpeg,"Miami Beach, FL, USA",25.771626,-80.13011697,United States,Juvenile
145316006,2022-12-19 15:15:00,2022-12-19 00:00:00,https://www.inaturalist.org/observations/145316006,https://inaturalist-open-data.s3.amazonaws.com/photos/249599843/medium.jpeg,"Palm Beach County, FL, USA",26.96333803,-80.07780665,United States,Juvenile
145391400,2022-12-29 16:29:03,2022-12-29 00:00:00,https://www.inaturalist.org/observations/145391400,https://inaturalist-open-data.s3.amazonaws.com/photos/249722687/medium.jpeg,"Miami Beach, FL 33140, USA",25.80434167,-80.12294167,United States,Juvenile
145923891,2023-01-05 12:21:08-06:00,2023-01-05 00:00:00,https://www.inaturalist.org/observations/145923891,https://static.inaturalist.org/photos/250760362/medium.jpg,"Perdido Key, Pensacola, FL, US",30.29666667,-87.4253,United States,Juvenile
146179344,2023-01-08 15:56:06-05:00,2023-01-08 00:00:00,https://www.inaturalist.org/observations/146179344,https://inaturalist-open-data.s3.amazonaws.com/photos/251260691/medium.jpg,"North Atlantic Ocean, Jupiter, FL, US",26.96118667,-80.07731667,United States,Juvenile
146402893,2023-01-12 10:07:39-05:00,2023-01-12 00:00:00,https://www.inaturalist.org/observations/146402893,https://inaturalist-open-data.s3.amazonaws.com/photos/251694925/medium.jpg,"Crandon Park, FL, US",25.70493667,-80.15300833,United States,Juvenile
147422883,2023-01-25 13:53:26-05:00,2023-01-25 00:00:00,https://www.inaturalist.org/observations/147422883,https://inaturalist-open-data.s3.amazonaws.com/photos/253673913/medium.jpg,"St George Island State Park, Eastpoint, FL, US",29.66122833,-84.86351667,United States,Juvenile
147866235,2022-12-29 15:36:48,2022-12-29 00:00:00,https://www.inaturalist.org/observations/147866235,https://inaturalist-open-data.s3.amazonaws.com/photos/254519030/medium.jpeg,"Jupiter Island, FL 33455, USA",26.97752997,-80.08215163,United States,Juvenile
147954336,2023-02-03 10:35:17-05:00,2023-02-03 00:00:00,https://www.inaturalist.org/observations/147954336,https://inaturalist-open-data.s3.amazonaws.com/photos/254690379/medium.jpg,"North Atlantic Ocean, FL, US",25.22881304,-80.32546935,United States,Juvenile
147954600,2023-02-03 10:35:08-05:00,2023-02-03 00:00:00,https://www.inaturalist.org/observations/147954600,https://inaturalist-open-data.s3.amazonaws.com/photos/254690998/medium.jpg,"North Atlantic Ocean, FL, US",25.22881667,-80.32546167,United States,Juvenile
148269531,2023-02-07 12:17:04-05:00,2023-02-07 00:00:00,https://www.inaturalist.org/observations/148269531,https://static.inaturalist.org/photos/255294877/medium.jpg,"N Ocean Blvd, Delray Beach, FL, US",26.50473333,-80.051225,United States,Juvenile
148455234,2023-02-10 09:20:03-06:00,2023-02-10 00:00:00,https://www.inaturalist.org/observations/148455234,https://static.inaturalist.org/photos/258257470/medium.jpg,"Calle al Mar, San Benito, YUC, MX",21.32431667,-89.43751333,Mexico,Juvenile
148480824,2023-02-10 18:25:49-05:00,2023-02-10 00:00:00,https://www.inaturalist.org/observations/148480824,https://inaturalist-open-data.s3.amazonaws.com/photos/255702638/medium.jpg,"Long Key, Layton, FL, US",24.82333161,-80.81504716,United States,Juvenile
148525372,2023-02-11 11:24:18-05:00,2023-02-11 00:00:00,https://www.inaturalist.org/observations/148525372,https://inaturalist-open-data.s3.amazonaws.com/photos/255788302/medium.jpg,"Key West, Key West, FL, US",24.54542368,-81.80659728,United States,Juvenile
148673876,2023-01-09 10:46:00,2023-01-09 00:00:00,https://www.inaturalist.org/observations/148673876,https://inaturalist-open-data.s3.amazonaws.com/photos/256067531/medium.jpeg,"Miami-Dade County, FL, USA",25.66738056,-80.15503611,United States,Juvenile
149096280,2023-02-15 11:27:00,2023-02-15 00:00:00,https://www.inaturalist.org/observations/149096280,https://inaturalist-open-data.s3.amazonaws.com/photos/256843956/medium.jpeg,"Flamingo / Lummus, Miami Beach, FL 33139, USA",25.78585828,-80.12922777,United States,Juvenile
149246485,2023-02-20 10:41:57-05:00,2023-02-20 00:00:00,https://www.inaturalist.org/observations/149246485,https://static.inaturalist.org/photos/257147212/medium.jpg,"Straits of Florida, FL, US",25.787595,-80.12705283,United States,Juvenile
150250546,2023-03-04 10:21:57-05:00,2023-03-04 00:00:00,https://www.inaturalist.org/observations/150250546,https://static.inaturalist.org/photos/259038358/medium.jpg,"St. Marks National Wildlife Refuge, Crawfordville, FL, US",30.08049167,-84.182555,United States,Juvenile
150250704,2023-03-04 11:09:26-05:00,2023-03-04 00:00:00,https://www.inaturalist.org/observations/150250704,https://static.inaturalist.org/photos/259038710/medium.jpg,"St. Marks National Wildlife Refuge, Crawfordville, FL, US",30.0745305,-84.18056333,United States,Juvenile
150318203,2023-03-05 08:58:12,2023-03-05 00:00:00,https://www.inaturalist.org/observations/150318203,https://static.inaturalist.org/photos/259172427/medium.jpeg,Oak Island,33.92033838,-78.1608196,United States,Juvenile
150978256,2023-03-12 14:51:07-05:00,2023-03-12 00:00:00,https://www.inaturalist.org/observations/150978256,https://inaturalist-open-data.s3.amazonaws.com/photos/260430087/medium.jpg,"Padre Island National Seashore, TX, US",27.384525,-97.31355333,United States,Juvenile
151244132,2023-03-14 14:03:00,2023-03-14 00:00:00,https://www.inaturalist.org/observations/151244132,https://inaturalist-open-data.s3.amazonaws.com/photos/260895237/medium.jpeg,"Polk County, FL, USA",27.86647,-82.85015,United States,Juvenile
151389433,2023-03-17 08:33:04-05:00,2023-03-17 00:00:00,https://www.inaturalist.org/observations/151389433,https://inaturalist-open-data.s3.amazonaws.com/photos/261204504/medium.jpg,"Grass Island, AL, US",30.24151667,-87.72882,United States,Juvenile
153385327,2023-04-03 18:30:30-05:00,2023-04-03 00:00:00,https://www.inaturalist.org/observations/153385327,https://inaturalist-open-data.s3.amazonaws.com/photos/264914017/medium.jpg,"Pensacola Beach, Pensacola Beach, FL, US",30.32695316,-87.16043944,United States,Juvenile
155027568,2023-04-15 12:56:44-05:00,2023-04-15 00:00:00,https://www.inaturalist.org/observations/155027568,https://static.inaturalist.org/photos/267985118/medium.jpg,"Galveston Island, Galveston, TX, US",29.17198784,-95.00245279,United States,Juvenile
157443427,2023-04-28 10:12:00,2023-04-28 00:00:00,https://www.inaturalist.org/observations/157443427,https://inaturalist-open-data.s3.amazonaws.com/photos/272227952/medium.jpg,"Cameron County, TX, USA",26.14561062,-97.16929769,United States,Juvenile
161539846,2023-05-13 14:11:55-05:00,2023-05-13 00:00:00,https://www.inaturalist.org/observations/161539846,https://inaturalist-open-data.s3.amazonaws.com/photos/279229544/medium.jpg,"Padre Island National Seashore, TX, US",27.41342,-97.30216167,United States,Juvenile
178330585,2021-04-04 18:05:31-04:00,2021-04-04 00:00:00,https://www.inaturalist.org/observations/178330585,https://static.inaturalist.org/photos/310296527/medium.jpg,"Straits of Florida, Hollywood, FL, US",26.0400445,-80.1132055,United States,Juvenile
180544695,2019-04-20 09:22:00,2019-04-20 00:00:00,https://www.inaturalist.org/observations/180544695,https://inaturalist-open-data.s3.amazonaws.com/photos/314511777/medium.jpeg,"89604 Tamps., M√©xico",22.4067917,-97.84490012,Mexico,Juvenile
193444993,2023-12-08 14:12:27,2023-12-08 00:00:00,https://www.inaturalist.org/observations/193444993,https://inaturalist-open-data.s3.amazonaws.com/photos/339820152/medium.jpeg,"Ocean Ridge, FL, USA",26.544288,-80.043199,United States,Juvenile
194123740,2023-12-16 12:20:50-05:00,2023-12-16 00:00:00,https://www.inaturalist.org/observations/194123740,https://inaturalist-open-data.s3.amazonaws.com/photos/341141540/medium.jpg,"Biscayne Bay, FL, US",25.46501333,-80.33419167,United States,Juvenile
194221159,2023-12-17 14:57:07-05:00,2023-12-17 00:00:00,https://www.inaturalist.org/observations/194221159,https://inaturalist-open-data.s3.amazonaws.com/photos/341339269/medium.jpg,"North Hutchinson Island, Vero Beach, FL, US",27.83016167,-80.43150333,United States,Juvenile
194907998,2023-12-26 11:53:00,2023-12-26 00:00:00,https://www.inaturalist.org/observations/194907998,https://inaturalist-open-data.s3.amazonaws.com/photos/342736490/medium.jpg,"Miami Beach, FL, USA",25.86124972,-80.11900978,United States,Juvenile
194908018,2023-12-26 11:57:00,2023-12-26 00:00:00,https://www.inaturalist.org/observations/194908018,https://inaturalist-open-data.s3.amazonaws.com/photos/342736615/medium.jpg,"North Beach, Miami Beach, FL 33141, USA",25.86045181,-80.11892923,United States,Juvenile
195337309,2023-12-20 16:06:00,2023-12-20 00:00:00,https://www.inaturalist.org/observations/195337309,https://inaturalist-open-data.s3.amazonaws.com/photos/343617546/medium.jpeg,"Lauderdale-By-The-Sea, FL, USA",26.1889077,-80.0950008,United States,Juvenile
195475513,2023-12-31 10:14:03-05:00,2023-12-31 00:00:00,https://www.inaturalist.org/observations/195475513,https://inaturalist-open-data.s3.amazonaws.com/photos/343900853/medium.jpg,"Virginia Key, Key Biscayne, FL, US",25.73326167,-80.159225,United States,Juvenile
196757843,2024-01-11 15:44:32-05:00,2024-01-11 00:00:00,https://www.inaturalist.org/observations/196757843,https://inaturalist-open-data.s3.amazonaws.com/photos/346367045/medium.jpg,"S Ocean Blvd, Boca Raton, FL, US",26.33712833,-80.0732805,United States,Juvenile
196816212,2024-01-15 13:21:28-05:00,2024-01-15 00:00:00,https://www.inaturalist.org/observations/196816212,https://inaturalist-open-data.s3.amazonaws.com/photos/346483676/medium.jpg,"Gulf of Mexico, FL, US",24.62745,-82.869295,United States,Juvenile
197622054,2024-01-26 12:50:25-05:00,2024-01-26 00:00:00,https://www.inaturalist.org/observations/197622054,https://static.inaturalist.org/photos/348116043/medium.jpg,"North Atlantic Ocean, FL, US",26.92803516,-80.06727383,United States,Juvenile
197622361,2024-01-26 12:55:20-05:00,2024-01-26 00:00:00,https://www.inaturalist.org/observations/197622361,https://static.inaturalist.org/photos/348116556/medium.jpg,"North Atlantic Ocean, FL, US",26.92662805,-80.06685853,United States,Juvenile
197633511,2024-01-26 15:38:16-05:00,2024-01-26 00:00:00,https://www.inaturalist.org/observations/197633511,https://inaturalist-open-data.s3.amazonaws.com/photos/348138291/medium.jpg,"Straits of Florida, Hollywood, FL, US",26.07196893,-80.11019536,United States,Juvenile
197641088,2024-01-26 17:18:19-05:00,2024-01-26 00:00:00,https://www.inaturalist.org/observations/197641088,https://static.inaturalist.org/photos/348152345/medium.jpg,"Bahia Honda State Park Concession, Big Pine Key, FL, US",24.65437167,-81.28146333,United States,Juvenile
197651193,2023-12-02 13:03:00,2023-12-02 00:00:00,https://www.inaturalist.org/observations/197651193,https://inaturalist-open-data.s3.amazonaws.com/photos/348170043/medium.jpeg,"Martin County, FL, USA",27.25491252,-80.19606556,United States,Juvenile
197653350,2024-01-23 09:14:08-05:00,2024-01-23 00:00:00,https://www.inaturalist.org/observations/197653350,https://static.inaturalist.org/photos/348175366/medium.jpg,"N Highway A1A, FL, US",28.12850833,-80.57695833,United States,Juvenile
197708696,Sat Jan 27 2024 12:48:41 GMT -0500 (EST),2024-01-27 00:00:00,https://www.inaturalist.org/observations/197708696,https://inaturalist-open-data.s3.amazonaws.com/photos/348290401/medium.jpeg,Vero Beach,27.66947937,-80.36040497,United States,Juvenile
198131918,2024-01-31 14:11:45,2024-01-31 00:00:00,https://www.inaturalist.org/observations/198131918,https://inaturalist-open-data.s3.amazonaws.com/photos/349142145/medium.jpeg,"Key West, FL 33040, USA",24.5654485,-81.6738381,United States,Juvenile
198406206,2024-02-04 10:44:45,2024-02-04 00:00:00,https://www.inaturalist.org/observations/198406206,https://inaturalist-open-data.s3.amazonaws.com/photos/349693162/medium.jpeg,"Palm Beach Shores, FL 33404, USA",26.777915,-80.031209,United States,Juvenile
198406273,2024-02-04 10:45:58,2024-02-04 00:00:00,https://www.inaturalist.org/observations/198406273,https://inaturalist-open-data.s3.amazonaws.com/photos/349693362/medium.jpeg,"Palm Beach Shores, FL 33404, USA",26.77834297,-80.03122997,United States,Juvenile
199423183,2024-02-11 10:10:16-05:00,2024-02-11 00:00:00,https://www.inaturalist.org/observations/199423183,https://inaturalist-open-data.s3.amazonaws.com/photos/351685756/medium.jpg,"Singer Island, Jupiter, FL, US",26.91344167,-80.0633,United States,Juvenile
199866524,2013-01-28 09:36:00,2013-01-28 00:00:00,https://www.inaturalist.org/observations/199866524,https://inaturalist-open-data.s3.amazonaws.com/photos/352527776/medium.jpg,"Florida, US",27.47485462,-80.36706807,United States,Juvenile
201013552,2024-03-02 10:19:10-05:00,2024-03-02 00:00:00,https://www.inaturalist.org/observations/201013552,https://static.inaturalist.org/photos/354761044/medium.jpg,"Straits of Florida, Surfside, FL, US",25.88022,-80.12020833,United States,Juvenile
212667502,2024-04-26 14:33:00,2024-04-26 00:00:00,https://www.inaturalist.org/observations/212667502,https://inaturalist-open-data.s3.amazonaws.com/photos/375815181/medium.jpeg,"Miami-Dade County, FL, USA",25.71991212,-80.14807137,United States,Juvenile
213035699,2024-04-29 14:10:55,2024-04-29 00:00:00,https://www.inaturalist.org/observations/213035699,https://static.inaturalist.org/photos/376478788/medium.jpeg,"South Padre Island, TX 78597, USA",26.11183744,-97.16812581,United States,Juvenile
218628839,2023-12-27 09:11:03-05:00,2023-12-27 00:00:00,https://www.inaturalist.org/observations/218628839,https://inaturalist-open-data.s3.amazonaws.com/photos/386894412/medium.jpg,"Gulf of Mexico, FL, US",24.81152251,-80.82635094,United States,Juvenile
219421892,2024-05-30 13:14:00,2024-05-30 00:00:00,https://www.inaturalist.org/observations/219421892,https://inaturalist-open-data.s3.amazonaws.com/photos/388374943/medium.jpeg,"Cameron County, TX, USA",26.00074905,-97.15070162,United States,Juvenile
